<?xml version="1.0" encoding="UTF-8"?>
<!DOCTYPE mapper
    PUBLIC "-//mybatis.org//DTD Mapper 3.0//EN"
    "http://mybatis.org/dtd/mybatis-3-mapper.dtd">
    
<mapper namespace="com.coin.coin.mapper.JoinMapper">
	<insert id="memberJoin" parameterType="Member">
		insert into member values(#{id},#{password},#{nickname},#{email},#{hobby},#{interest},#{seed})
	</insert>
	
	<select id="findId" resultType="Member">
		select * from member where email = #{email}
	</select>
	
	<select id="memberlogin" resultType="Member">
		select * from member where id=#{id} and password = #{password}
	</select>
	
	<select id="selectall" resultType="Member">
		select * from member where id=#{id}
	</select>
	
	<update id="memberupdate" parameterType="Member">
		update member set password = #{password}, email = #{email}, nickname = #{nickname}, 
		hobby = #{hobby}, interest = #{interest}, seed = #{seed} where id = #{id}
	</update>
	
	<delete id="memberdelete">
		delete from member where id = #{id} and password = #{password}
	</delete>

	<select id="idcheck" parameterType="Member" resultType="Integer" >
		select count(*) from member where id = #{id}
	</select>
	
	<select id="emailcheck" resultType="Integer" parameterType="Member">
		select count(*) from member where email = #{email}
	</select>
</mapper>